n,irv,plurality
50,0.147368421,0.457894737
75,0.0825,0.3075
100,0.061702128,0.24787234
